Channel Display Name,Channel ID 1,Channel ID 2
Action Bronson,UC2utQmYluWGlhV-W0rTA2wg,2utQmYluWGlhV-W0rTA2wg
Babish Culinary Universe,UCJHA_jMfCvEnv-3kRjTCQXw,JHA_jMfCvEnv-3kRjTCQXw
Best Ever Food Review Show,UCcAd5Np7fO8SeejB1FVKcYw,cAd5Np7fO8SeejB1FVKcYw
Bitcoin Magazine,UCtOV5M-T3GcsJAq8QKaf0lg,tOV5M-T3GcsJAq8QKaf0lg
Bite Sized Babish,UC4avs5jYd_FvzQ8f0XYziqw,
Brantley Gilbert,UCUrq8ZRcoSeSH0Y3ImrsVuw,Urq8ZRcoSeSH0Y3ImrsVuw
Brett Papa,UCoMrOn8Vgd7sglHxF3AAyNA,oMrOn8Vgd7sglHxF3AAyNA
Carla Lalli Music,UCygFTcd1LBc8-838MVxTqKg,ygFTcd1LBc8-838MVxTqKg
Casually Explained,UCr3cBLTYmIK9kY0F_OdFWFQ,
CinemaSins,UCYUQQgogVeQY8cMQamhHJcg,YUQQgogVeQY8cMQamhHJcg
CinemaSins Podcast Network,UC5Nxj5dpHf2p7cN9qdUVEzA,5Nxj5dpHf2p7cN9qdUVEzA
Come Sconfiggere,UC6SeNpg93mtm4gWG_6-wfHQ,6SeNpg93mtm4gWG_6-wfHQ
Comment Battre,UCIhKJ3gvZbZbxzKx-BS1lDg,IhKJ3gvZbZbxzKx-BS1lDg
Commercial Sins,UChg9sWwaJ2TYqpaYqerY5BA,hg9sWwaJ2TYqpaYqerY5BA
Commune,UCWgPqzhktCm7Ky2d9y1OotQ,WgPqzhktCm7Ky2d9y1OotQ
Como Derrotar,UCgM_J5bQ3IzxRlEnnMIivaw,gM_J5bQ3IzxRlEnnMIivaw
Dead Meat,UC2IYWWifoIht9T47z1Z5lJw,2IYWWifoIht9T47z1Z5lJw
Dead Meat Presents...,UChqs2-BACUCZGvD14SdvxuQ,hqs2-BACUCZGvD14SdvxuQ
Doobydobap,UCh8gHdtzO2tXd593_bjErWg,h8gHdtzO2tXd593_bjErWg
Ethan Chlebowski,UCDq5v10l4wkV5-ZBIJJFbzQ,Dq5v10l4wkV5-ZBIJJFbzQ
FlinnScientific,UCyGYwaz6D8NzrfDRDIVmMnQ,
Girlfriend Reviews,UC2eEGT06FrWFU6VBnPOR9lg,2eEGT06FrWFU6VBnPOR9lg
Hacksmith Industries,UCjgpFI5dU-D1-kh9H1muoxQ,jgpFI5dU-D1-kh9H1muoxQ
How To Beat,UCfcQPMZg4tNk6tKUTHbAr0g,fcQPMZg4tNk6tKUTHbAr0g
How To Beat Anime,UCpWInGp4Af1t21WDZWKN99w,pWInGp4Af1t21WDZWKN99w
How To Make Everything,UCfIqCzQJXvYj9ssCoHq327g,fIqCzQJXvYj9ssCoHq327g
Jamie Slays,UCRasQxsnwdzN1n_4A7zYbEQ,RasQxsnwdzN1n_4A7zYbEQ
Jeanelleats,UCU03NklypYW1AAIoNE2Vh1g,
MATTY MATHESON,UCpqH8-BBNTsluhcOzFKWLuw,pqH8-BBNTsluhcOzFKWLuw
Marty Music,UCmnlTWVJysjWPFiZhQ5uudg,mnlTWVJysjWPFiZhQ5uudg
Meyhem Lauren,UCjV_7sBJ0Yo-UQtztJ2Mnaw,jV_7sBJ0Yo-UQtztJ2Mnaw
More Best Ever Food Review Show,UCXw1ddyrUmib3zmCmvSI1ow,Xw1ddyrUmib3zmCmvSI1ow
Sailing SV Delos,UCvLc83k5o11EIF1lEo0VmuQ,
Senpai Kai,UCt80koRTG61DmNCp4oybLSg,t80koRTG61DmNCp4oybLSg
SenyaiGrubs,UC4KWYlW-B2oqxc36TH_RcXw,
SomeGoodNews,UCOe_y6KKvS3PdIfb9q9pGug,Oe_y6KKvS3PdIfb9q9pGug
TVSins,UCe4bOvc1mYxFcQ5xPb9Zmow,e4bOvc1mYxFcQ5xPb9Zmow
The Kid Mero,UCLDgeSZxtU9xnyZKrfbHN3A,LDgeSZxtU9xnyZKrfbHN3A
Vlad SlickBartender,UCp4nL9M78_HF6JL1MNzh-NQ,
Wie Besiegt Man,UC7aHHi1M1rjExL_BEcX6biA,7aHHi1M1rjExL_BEcX6biA
YourGuitarSage,UCWAuPC_qQWYFvCoM5kkL7Jg,
crackerfarm,nx6v4nROV5sxTBL3nud7oA,
ramseurrecords,UCO236MPyHDTjSozFj-2wYPw,O236MPyHDTjSozFj-2wYPw
Как победить,UCASWNt79jBJjgEk1qaJXrqA,ASWNt79jBJjgEk1qaJXrqA
